peptides,DRB1_0101,DRB1_0301,DRB1_0401,DRB1_0405,DRB1_0701,DRB1_0802,DRB1_0901,DRB1_1101,DRB1_1201,DRB1_1302,DRB1_1501,DRB3_0101,DRB4_0103,DRB5_0101
HEIIFCPPHPKKTSS,,,,,,,,,,,,,,1.59
PHNFVFDGERLVLVD,6.7,3.71,7.73,,7.64,,4.51,,,4.27,,0.18,,9.43
HDVYDALQQACVPQH,6.11,,,,,,,,,,,,,
MPVKPMPSYNLLIEL,6.13,,,,,,,,1.87,,0.73,,,
DHFSKIVCKLKSLQE,,,,,,,,8.14,,9.84,,,,7.37
PSNILIDSRGHVKIC,,0.02,,,,7.62,,4.48,,2.49,,1.19,5.48,5.77
AHINALLDDVCQLFH,,,,,,,,,,,,8.06,,
DMAVQMDLDLLESCL,,8.06,,,,,,,,,,,,
FRAALTEALGELVRR,5.53,,,,,,3.7,,,,,,,
DKAKLKKILSILQKE,,,3.58,4.42,,7.43,,7.56,8.16,,7.96,,,9.13
TRKMVTQHDFVNAIL,,,9.33,,,,,,,,,,5.25,
DVDLELLKAVVEASG,3.03,,,2.22,,,,,1.18,,,,9.94,8.46
KHIEIDCHFIRDCVE,,1.29,,,,,,,,,,,,
TWSSEQLQAARDRIL,,,,,8.65,,8.56,,,,,,,
SHVPDRPSAALVVDH,,,,,6.27,,,,,,,,,
NNPRVQLLLDHISRC,,,,,,,,,,,,,9.84,
PVPLSDLVPLVSRAL,,,,,,,,,3.65,,,,,
NELLLKLYHMLYDCL,,,,,,,,,9.89,,,,,
AALGIVTASLPSPAA,,,,,,,,,,,,,8.92,
TQNELLLKLYHMLYD,,,,,,,,,3.67,,,,,
IPHFTFVHHEMDFDL,,,,5.27,6.78,5.31,4.98,3.9,,,,,,
CLHYLSPDQERALID,,8.01,,,,,,,,,,5.89,,
HDTPDHILDMAVQMD,,,,,,,,,,,,3.63,,
QHAALVSLLDAAVSG,5.88,,,,,,,,6.34,,8.12,,8.55,
LLEALEHVRSVVAEL,6.65,,,,3.06,,,,,,7.72,,,
PISLSKSIKEIEKIK,,9.93,,,,,,,,,,,,
HQVMRLLDEMIIKMQ,,,,,,,,,2.44,,,,,
HEKRLLLDALRSIAD,,3.88,,,,,,,,,,2.63,,
HRAALQQALSPLVAL,8.43,,,,5.63,,3.62,,,,,,,
RPVRSRRPALVVASL,,,,,,9.29,,,,,,,,
NYAVTCAKVLLSYID,,,,,,,,,,,,,7.91,
EMNGFDLVKEIRKIE,,,,,,,,9.74,,,,,,0.62
HGIFQQVHNELLLHL,2.91,,8.68,,0.58,,3.8,,,,7.34,,9.82,7.81
PIAYHLTKVLLELHN,,,5.58,0.98,1.34,8.04,1.67,8.02,,,,,,9.23
TESIQRLLDAVHKVQ,,,,4.73,,,,,7.93,,,,7.04,7.85
TPGYSDIASSVTAEL,8.89,,4.51,9.17,8.55,,8.13,,,,,,,
THIEWDIDPDLPPIM,,6.23,3.8,,,,,,,,,2.25,,
HDLLLACSRLLTRLQ,,,,,,,,7.89,,,,,,
FQACMDAMDALVDNY,,,,6.05,,,,,,,,,,
IKIMNELLERSEQCL,,,,,,,,,,,,,5.86,
EQVTPHVEDHSLQIL,,,,,,,,,,,,4.63,7.83,
DRMKSLLSELRALEG,,,,,,,,,,,,,,6.46
QPALLQHLRSVMASL,1.98,,,,,,,,4.77,,9.58,,,
VWTTFLAVLSKCPFP,,,,,,,,,4.49,,,,,
NDSYIIPNYELHYDD,,0.98,,,,,6.86,,0.6,1.25,5.1,1.39,7.02,
HFILDVILDFLHKVS,,,,,,,,,,,,5.43,,
RTQHISVMVTGDFNE,,,,,,,,,0.99,,,,,
FYVYTHAILLPVTML,,,,,2.92,,,,,,,,,
NEQLLPLHQIYTLMQ,,,,,,,,,3.37,,,,,
YDIFQHFHDLACAYM,,,,,,,,,,,4.91,,,
AWQLIYFDPVPLSML,,1.07,1.0,,8.12,,,,,,2.56,2.82,4.3,
KFDWLKYYSNLLKQL,,,,,5.18,,,,,9.29,1.55,,,
FIGEYYLNLLIEKAK,7.76,,8.93,,,,,,,,,,,
VWDSFQKTMSNICKA,4.93,,5.36,,1.03,,8.47,,,,,,,
LLGALQELRHHLRSL,,,,,,,,,,9.35,,,,
RKDLLLRLHHLLVEL,,,,,,,,,5.35,,,,,
PHIFKHFDIVLLPYQ,9.36,,,9.83,4.39,,7.09,,,,6.56,,,
KKFYIRPYDLRMALL,,,,,,,,,,,4.95,,,
HIRIFHHSLKWTEDW,,,,,,,,7.91,,9.4,,,,
PFRLICEHILIHTED,,,,,,,,,,,,,5.24,
QPTYERIHKWFLEQL,,,,,,8.05,,4.24,,2.97,,,,
NHIRIFHHSLKWTED,,,,,,,,8.37,,4.12,8.62,,,
HETRMLWDTSNMEEC,,,,7.85,,,,,,,,9.22,,
MSPQKILLLLKQVAA,,,,,,,,4.55,,,,,,
FDRLLAFVADVEAAR,,3.06,2.52,3.99,,,,,,,4.6,2.79,4.28,
PMTFTQAVLTAFVAA,,,,,,,8.13,,,,,,,
HPKEFHQFLLSELHN,,,,,,,8.48,,,,,,,
TALRDTFAALLQPHH,,,,,3.83,,,,,,,,,
DEVALAGALDDLATL,,,,,,,,,,,,,2.91,
DVAAVYDHLLALEAC,4.67,,,,,,,,,,,,,
AYMSRLLIDKAEKEL,,1.43,9.43,5.66,,,,,,,,1.6,0.52,
IQDLLNESKHSMLTM,,6.4,,,,,,,,9.01,,,,
KKISLEKILSFLKTL,,,,,,,,,5.7,,,9.63,,4.15
VLIWVPLLPVMISPW,3.5,,,,,,,,,,,,,
IRLTWRYLLGMLVAL,5.4,,,,,,,,,,,,,
RDKILKGILSALIYL,,,,,8.78,,,,,,,,,
RFDFRAMHRLLLALL,,,,,,5.24,,1.57,,1.85,,,,
DHAVRSLGETLAHLP,9.15,,,,,,,,4.9,,8.3,,,
AFKFPYITNIILPSS,,,5.92,,,8.36,,8.7,,9.66,,9.58,,
HTVFDILSHSLRVAN,,,,,6.43,9.63,,4.63,,3.12,,,,2.07
DLQALASELEAIRAD,,7.37,,,,,,,,,,,,8.91
YPMLHDAVLRGFTAM,,5.01,9.65,,,,,,,,,,,
CLGIVVKMQLVLPVL,,,,,,,,,,,,,6.21,
VWRVLRSVVSAIHEL,9.09,,,,,,,,,,,,,
TTFLAVLSKCPFPTH,,,,,,,,,2.39,,,,,
CLHLPLLSDVLHRLR,,7.99,,,,,,,,,,6.74,,
GGSVLLPAGPAAVPL,5.94,,,,7.21,,2.69,,,,,,,
IPPELQLRMRQVNDM,,,,,,,,,,8.54,,,,
IAYHLTKVLLELHNL,,,,4.04,5.94,,8.83,,,,,,,
VSPALVQSFVDTMHS,,,,,,,,,,,,,1.26,
ADPLLHLLLGRLCAA,2.92,,,,,,,,,,,,,
RPVYFCASDLLDLFK,,,2.25,0.38,8.14,,7.48,,,,,,,
NIYKKLFEFCIEHNI,,,,,,,9.81,,,,,,,
VDKHHLSMAIRVLSR,,,,,2.42,9.2,7.16,3.48,,,,,,
MSVLLRFFPAKPFTS,,,,,2.71,,2.66,,0.34,3.33,0.65,,,6.07
SIQRLLDAVHKVQNI,,,,,,,,7.61,,,,,,
LLWEIAIVLDAAVHG,,2.46,6.49,,,,,,,,,2.72,,
ILVQSFPPRHVPPLL,,,,,,,,,9.82,,2.15,,,
PHLLYQAMQNIVKYS,,,9.66,,,,1.85,,,,,,8.48,0.7
FDPVPLSMLPLLVVW,,,,,,,,,8.49,,,,,
VLLRFFPAKPFTSQF,4.78,,5.83,,4.44,3.22,1.8,5.41,0.85,5.25,1.34,,,1.94
PENILVSSSGKVVLS,5.28,6.67,,,0.54,,0.43,,9.5,5.51,2.37,6.28,,8.6
AYFDVLLAHHHAIVA,9.1,,,,,,6.87,,,,,,,4.53
TERALALIRRMRELG,,,,,,9.7,,2.09,,6.49,,,,
VGTAWVLLEPVGVAL,0.41,,,,9.9,,,,9.75,,,,,
SLRSAALRLLTSVAA,,,,,,,,,8.7,,,,,
KCVIKALAIIVKKLG,,,,,,8.82,,2.71,,,,,,7.85
RSVWESDGSMRFPPN,,2.98,3.22,9.49,4.56,,8.26,,,,,0.01,,
WSILNSLSNELKSSI,,,,,3.86,,,,,,,,,4.51
FQVRTWEEVYAALRT,,,,,,,,,,,6.03,,,1.7
TPDHILDMAVQMDLD,,,,1.54,,,9.93,,,,,2.63,5.5,
SFSLTRSEPDLTCRS,,,,,,,,,,,,,1.91,
QLQYAIDLLKRCPLP,,,,,,,,,8.34,,,5.74,,
FSVHTTPRIRFHVSH,,6.44,,,,,,,,,,,,
LLSYGKTEIDTKAIL,,9.55,,,,,,,,,,,,
DHAQHFTLTPERRRE,,,,,,,,,,2.92,,,,1.52
PALSEVLLQHTPQVL,,,,,,,,,,,,,7.27,
SMNECLKTMDRVLQS,,,,,,8.39,,1.61,,,,,,
NRMSSDELVALRSAC,,,,,,,,,,,,8.19,,
YDTCVHVAASIAEAL,,,,9.97,,,,,,,,,,
IEFQVRTWEEVYAAL,,,,,,,,,,,3.14,,,
HGYALLAEQCVRALQ,8.95,,,,,,,,,,,,,
QNAHINALLDDVCQL,,,,,,,,,,,,,5.0,
TQLLEVVQALVRCGY,,,,,,,,,,,,,,2.4
VFKFIYIEYPRYVKD,2.39,,,,,8.21,,6.44,2.32,0.34,6.89,5.76,,5.93
TEAQLQRIYHEIASG,,,,,,6.83,,6.03,,,,,4.31,
KPKILLLKSIINEDK,0.75,,2.97,1.93,9.14,2.45,,3.14,0.67,,1.88,,5.38,2.39
LLGYLMSRCIEMHAS,,,,,7.04,,,,,,,,,
NNITLTPNHVKAILK,,9.3,,,,,,,,4.25,,7.38,,1.87
SNILLDEDFHAHLSD,,2.3,2.37,,,,,,,,,6.3,,
ACIWTSFWSDPLPVA,,,,,,,,,,,,4.33,,
KEFYTETHNYKTFHI,,,5.29,,2.24,,9.21,,,,,,,4.16
TDRMKSLLSELRALE,,,,,,,,,,,,,,2.05
FQDRHIYFFVHIPQY,,,,,,,,6.81,,6.71,5.71,,,
AVSVLRALAIVGLAV,,,,,,,,,7.5,,,,,
IRIFHHSLKWTEDWD,,,,,,9.42,8.49,5.21,,6.31,,,,
RETLLQRIADHLDAL,,,,0.92,,,,,,,7.98,,,
PIRLTWRYLLGMLVA,5.17,,,,,,,,,,,,,
RQFHLYPKEVCRHVE,,,,,,,,7.3,,1.57,,,,
HEAYLLLRDTLLQRC,1.27,4.91,8.65,6.52,,,,,,,,,,
IPTLLHLCQVLHSSR,,,,,,,,,,,,,5.85,
TAADYAALFRALGRQ,,,,,,0.03,,0.05,,2.55,,,,
SSWLVTMSRLLSECL,,,,,5.31,,,3.44,,,,,,
DQARRVLAEMKEAGL,,8.15,,,,,,,,,,,,
TCAKVLLSYIDRLLG,,,,,,,,5.91,,,0.33,,4.98,
VDLVIPKFDRVSVSL,,,,,,8.68,,,,,,,,
IGEYYLNLLIEKAKI,5.82,,6.23,9.47,,,,,,,,,,
TDQQLRFALALAAFH,3.44,,,,6.92,,5.09,,,,,,,8.3
DLELLKAVVEASGAK,,,3.96,,,6.55,9.13,,,,,,2.11,
RAQLQEYSDALATAW,,,9.29,,,,,,,,0.47,,,
NGILEQIMSLKEKTG,,,,0.87,5.35,,,,6.57,,,,,
VWENASAVLKSLLEA,,,,,,,,,,,,,,8.76
KTQAVVFTRGRPRAL,,,,,,,,,,6.25,,,,0.86
KLPDSVAAKLDELAS,,,,,,9.89,,,,,,,,
PENILLDENFVPKVA,,1.36,2.38,,,,,,,,,2.76,,
DLLKQFYIDNKALLE,,0.71,,,,6.65,,4.26,,2.18,,0.33,,
TPAELFEAVLAQAAE,1.37,,8.44,9.53,3.11,,5.49,,,,,,,7.53
ILDVILDFLHKVSHQ,,5.03,,,,,,8.64,7.45,,,4.48,,
RSVWSEVHTFIRENF,,,,,,,,,,,,,,1.25
DMASVAATLKLLGDA,,,,,,6.22,,2.84,,,,,,
HNVRDILKQYAKAAG,3.27,,,,,7.16,,5.52,9.58,,8.84,,9.41,9.92
NDELLLKLMRTGKLE,9.98,,,,,,,,3.93,,5.69,,,
NIYITKEELLEAKHE,,,,,9.71,2.48,,6.23,,6.97,,,1.1,
RHVVPRIDWRLLALI,,7.78,,,,,,,,,9.57,,,
MSDHQLALDAINKLI,,1.44,,,,,,,,,,1.29,8.4,
PNISVEEAMDILQQM,7.37,,,,,,,,,,,,,
NIFNSLSNELNILKS,7.44,,5.19,5.39,,,,,,,,,,
RPSEHQLDMATFMTR,,,,,,,,,,,,8.23,,
DSFQKTMSNICKAIQ,7.94,,8.73,,2.29,,,,,,,,,
VQRILPLLRTALRAC,,,,,,,,,6.65,,,,,
TPQYKRYPIVLATWN,8.1,,2.76,4.78,8.44,1.76,8.79,5.24,,2.31,3.23,,,
RIKHHVRVMKLYYDD,,,,,,,,,4.17,,,,,
LLEAYSKALSISQTM,,,3.37,8.12,4.53,,3.92,,,,,,,
LTMVVFHRFQPRQTH,,,,,,8.18,,,,4.76,,,,
DYRHAQAVLDRLLGV,,,,9.09,8.01,,4.45,,,,,,,
RTVLLWLVALPLIDE,3.88,,,,,,,,5.34,,8.9,,,
PLSDLVPLVSRALSS,1.15,,,,4.84,,,,0.54,,1.03,,,7.18
GSDLRMAKDALSEAC,8.09,,0.42,2.71,,2.37,5.51,6.23,,,5.55,,1.67,7.35
DELSPQERRLAFDHM,,,,,,,,6.07,,6.65,,,9.05,
NQNAHINALLDDVCQ,,,,,,,,,,,,,6.41,
HSLLGRLLQQPLPGL,,,,,,,,,7.23,,,,,
QESYINNFNGKINVV,6.97,,5.68,,6.39,,8.62,,,6.54,5.87,1.53,,9.17
DCFSLLEHLHRHGII,,,,,,,,,9.11,,,,,
VRSVVAELDPHLPCV,,,9.81,,,,,,,,,,,
AALTEALGELVRRRP,9.93,,,,,,,,,,,,,
TWNNFRRRFNKAVGA,,,,,,,,,,9.04,,,,
ELPILLLTETHVPNH,2.46,,,,,,,,0.71,,1.59,,,
GCSLYFDPKAYEFNP,,0.32,,,,,,,,,,2.85,,
AALFFAYTVSLSRIY,,,,,9.81,,,,,,,,,3.57
GWLRHAASLPRPQLL,,,,,,,,,,,,,,1.05
VLARLQRQADAVRQL,,,,,,,,,,,,,9.25,6.03
HEAVLARLQRQADAV,,,,,,3.94,,3.78,8.8,,,,,
IGQLLRLHQTEVAAR,9.37,,5.65,,,9.04,6.11,,1.12,6.71,3.66,,1.41,
TSDHVRNLLSLIEEI,,,,3.3,,,,,,,,,,
SDTLTWLLTQLAHQY,6.32,,,,,,,,9.94,,,,,
SLQELQKLERIIVSS,,,,,,,,7.28,2.34,,,,,
TIGDVLLSATDLLRR,,6.73,,,,,7.5,,,,,,2.29,5.13
TLEQFQRLLNAYCNA,3.44,,,,,,,,,,,,,
RLLVLRQLPPQDRHT,,,,9.48,,,,,,,,,5.4,3.26
NKIQTLSPNMFDGLT,,,,,,,,,0.48,,,,,
SLLLDDLLSKSPKAC,,7.6,,,,,,,,,,,,
ALLQHLRSVMASLQG,4.82,,,,,,,,,,,,,
CTDRMKSLLSELRAL,,,,,,,,,,,,,,3.28
DVREDLVEEIARLYG,,,,,,,,,0.77,,,8.23,,6.52
NDTRIQTLLSSIPSD,,,,,,,,,,,,,7.59,
WDSFQKTMSNICKAI,4.88,,5.57,,1.21,,9.52,,,,,,,
TSLLGYLRLLPRLAQ,4.39,,,,,,,3.73,,,,,,
CEALLAALKGRLLQL,0.34,,,,,,,,1.18,,2.89,,,8.01
